SKU;Title;Policy type
22300116-F02Rou001q00076;MOBILIUS Black Smoky Matte Case for iPhone 13, Man in Hat;Copyright
22300116-F02Rou001q00105;MOBILIUS Black Smoky Matte Case for iPhone 13, Japanese Sports Car;Trademark
22300116-F02Rou001q00161;MOBILIUS Black Smoky Matte Case for iPhone 13, Thermal Mountain Landscape;Trademark
22300116-F02Rou001q00162;MOBILIUS Black Smoky Matte Case for iPhone 13, Western Travel Badge Collage;Trademark
22300116-F05Rou001q00031;MOBILIUS Clear Matte Case for iPhone 13, Pink Retro Fruit Collage;Trademark / © character
22300116-F05Rou001q00032;MOBILIUS Clear Matte Case for iPhone 13, Green Retro Collage;Trademark / © character
22300116-F05Rou001q00041;MOBILIUS Clear Matte Case for iPhone 13, Pink Kittens Collage;Trademark
22300116-F05Rou001q00076;MOBILIUS Clear Matte Case for iPhone 13, Man in Hat with Green Fruit Art;Copyright
22300116-F06Rou001q00041;MOBILIUS Gray Frosted Matte Case for iPhone 13, Pink Kittens Collage;Trademark
22300116-F06Rou001q00046;MOBILIUS Gray Frosted Matte Case for iPhone 13, Retro Tech Tower with Cat;Trademark
22300116-F06Rou001q00076;MOBILIUS Gray Frosted Matte Case for iPhone 13, Man in Hat;Copyright
22300116-F06Rou001q00105;MOBILIUS Gray Frosted Matte Case for iPhone 13, Japanese Sports Car;Trademark
22300118-F02Rou001q00076;MOBILIUS Black Smoky Matte Case for iPhone 13 Pro Max, Man in Hat;Copyright
22300118-F02Rou001q00105;MOBILIUS Black Smoky Matte Case for iPhone 13 Pro Max, Japanese Sports Car;Trademark
22300118-F02Rou001q00161;MOBILIUS Black Smoky Matte Case for iPhone 13 Pro Max, Thermal Mountain;Trademark
22300118-F02Rou001q00162;MOBILIUS Black Smoky Matte Case for iPhone 13 Pro Max, Western Travel Badge;Trademark
22300118-F05Rou001q00031;MOBILIUS Clear Matte Case for iPhone 13 Pro Max, Pink Retro Fruit Collage;Trademark / © character
22300118-F05Rou001q00032;MOBILIUS Clear Matte Case for iPhone 13 Pro Max, Green Retro Collage;Trademark / © character
22300118-F05Rou001q00041;MOBILIUS Clear Matte Case for iPhone 13 Pro Max, Pink Kittens Collage;Trademark
22300118-F05Rou001q00076;MOBILIUS Clear Matte Case for iPhone 13 Pro Max, Man in Hat;Copyright
22300118-F06Rou001q00041;MOBILIUS Gray Frosted Matte Case for iPhone 13 Pro Max, Pink Kittens;Trademark
22300118-F06Rou001q00046;MOBILIUS Gray Frosted Matte Case for iPhone 13 Pro Max, Retro Tech Tower;Trademark
22300118-F06Rou001q00076;MOBILIUS Gray Frosted Matte Case for iPhone 13 Pro Max, Man in Hat;Copyright
22300118-F06Rou001q00105;MOBILIUS Gray Frosted Matte Case for iPhone 13 Pro Max, Japanese Sports Car;Trademark
22300195-F02Rou001q00076;MOBILIUS Black Smoky Matte Case for iPhone 14, Man in Hat;Copyright
22300195-F02Rou001q00105;MOBILIUS Black Smoky Matte Case for iPhone 14, Japanese Sports Car;Trademark
22300195-F02Rou001q00161;MOBILIUS Black Smoky Matte Case for iPhone 14, Thermal Mountain Landscape;Trademark
22300195-F02Rou001q00162;MOBILIUS Black Smoky Matte Case for iPhone 14, Western Travel Badge Collage;Trademark
22300195-F05Rou001q00031;MOBILIUS Clear Matte Case for iPhone 14, Pink Retro Fruit Collage;Trademark / © character
22300195-F05Rou001q00032;MOBILIUS Clear Matte Case for iPhone 14, Green Retro Collage;Trademark / © character
22300195-F05Rou001q00041;MOBILIUS Clear Matte Case for iPhone 14, Pink Kittens Collage;Trademark
22300195-F05Rou001q00076;MOBILIUS Clear Matte Case for iPhone 14, Man in Hat with Green Fruit Art;Copyright
22300195-F06Rou001q00041;MOBILIUS Gray Frosted Matte Case for iPhone 14, Pink Kittens Collage;Trademark
22300195-F06Rou001q00046;MOBILIUS Gray Frosted Matte Case for iPhone 14, Retro Tech Tower with Cat;Trademark
22300195-F06Rou001q00076;MOBILIUS Gray Frosted Matte Case for iPhone 14, Man in Hat;Copyright
22300195-F06Rou001q00105;MOBILIUS Gray Frosted Matte Case for iPhone 14, Japanese Sports Car;Trademark
22300198-F02Rou001q00076;MOBILIUS Black Smoky Matte Case for iPhone 14 Pro Max, Man in Hat;Copyright
22300198-F02Rou001q00105;MOBILIUS Black Smoky Matte Case for iPhone 14 Pro Max, Japanese Sports Car;Trademark
22300198-F02Rou001q00161;MOBILIUS Black Smoky Matte Case for iPhone 14 Pro Max, Thermal Mountain;Trademark
22300198-F02Rou001q00162;MOBILIUS Black Smoky Matte Case for iPhone 14 Pro Max, Western Travel Badge;Trademark
22300198-F05Rou001q00031;MOBILIUS Clear Matte Case for iPhone 14 Pro Max, Pink Retro Fruit Collage;Trademark / © character
22300198-F05Rou001q00032;MOBILIUS Clear Matte Case for iPhone 14 Pro Max, Green Retro Collage;Trademark / © character
22300198-F05Rou001q00041;MOBILIUS Clear Matte Case for iPhone 14 Pro Max, Pink Kittens Collage;Trademark
22300198-F05Rou001q00076;MOBILIUS Clear Matte Case for iPhone 14 Pro Max, Man in Hat;Copyright
22300198-F06Rou001q00041;MOBILIUS Gray Frosted Matte Case for iPhone 14 Pro Max, Pink Kittens;Trademark
22300198-F06Rou001q00046;MOBILIUS Gray Frosted Matte Case for iPhone 14 Pro Max, Retro Tech Tower;Trademark
22300198-F06Rou001q00076;MOBILIUS Gray Frosted Matte Case for iPhone 14 Pro Max, Man in Hat;Copyright
22300198-F06Rou001q00105;MOBILIUS Gray Frosted Matte Case for iPhone 14 Pro Max, Japanese Sports Car;Trademark
22300281-F02Rou001q00076;MOBILIUS Black Smoky Matte Case for iPhone 15, Man in Hat;Copyright
22300281-F02Rou001q00105;MOBILIUS Black Smoky Matte Case for iPhone 15, Japanese Sports Car;Trademark
22300281-F02Rou001q00161;MOBILIUS Black Smoky Matte Case for iPhone 15, Thermal Mountain Landscape;Trademark
22300281-F02Rou001q00162;MOBILIUS Black Smoky Matte Case for iPhone 15, Western Travel Badge Collage;Trademark
22300281-F05Rou001q00031;MOBILIUS Clear Matte Case for iPhone 15, Pink Retro Fruit Collage;Trademark / © character
22300281-F05Rou001q00032;MOBILIUS Clear Matte Case for iPhone 15, Green Retro Collage;Trademark / © character
22300281-F05Rou001q00041;MOBILIUS Clear Matte Case for iPhone 15, Pink Kittens Collage;Trademark
22300281-F05Rou001q00076;MOBILIUS Clear Matte Case for iPhone 15, Man in Hat with Green Fruit Art;Copyright
22300281-F06Rou001q00041;MOBILIUS Gray Frosted Matte Case for iPhone 15, Pink Kittens Collage;Trademark
22300281-F06Rou001q00046;MOBILIUS Gray Frosted Matte Case for iPhone 15, Retro Tech Tower with Cat;Trademark
22300281-F06Rou001q00076;MOBILIUS Gray Frosted Matte Case for iPhone 15, Man in Hat;Copyright
22300281-F06Rou001q00105;MOBILIUS Gray Frosted Matte Case for iPhone 15, Japanese Sports Car;Trademark
22300283-F02Rou001q00076;MOBILIUS Black Smoky Matte Case for iPhone 15 Pro, Man in Hat;Copyright
22300283-F02Rou001q00105;MOBILIUS Black Smoky Matte Case for iPhone 15 Pro, Japanese Sports Car;Trademark
22300283-F02Rou001q00161;MOBILIUS Black Smoky Matte Case for iPhone 15 Pro, Thermal Mountain;Trademark
22300283-F02Rou001q00162;MOBILIUS Black Smoky Matte Case for iPhone 15 Pro, Western Travel Badge;Trademark
22300283-F05Rou001q00031;MOBILIUS Clear Matte Case for iPhone 15 Pro, Pink Retro Fruit Collage;Trademark / © character
22300283-F05Rou001q00032;MOBILIUS Clear Matte Case for iPhone 15 Pro, Green Retro Collage;Trademark / © character
22300283-F05Rou001q00041;MOBILIUS Clear Matte Case for iPhone 15 Pro, Pink Kittens Collage;Trademark
22300283-F05Rou001q00076;MOBILIUS Clear Matte Case for iPhone 15 Pro, Man in Hat;Copyright
22300283-F06Rou001q00041;MOBILIUS Gray Frosted Matte Case for iPhone 15 Pro, Pink Kittens Collage;Trademark
22300283-F06Rou001q00046;MOBILIUS Gray Frosted Matte Case for iPhone 15 Pro, Retro Tech Tower;Trademark
22300283-F06Rou001q00076;MOBILIUS Gray Frosted Matte Case for iPhone 15 Pro, Man in Hat;Copyright
22300283-F06Rou001q00105;MOBILIUS Gray Frosted Matte Case for iPhone 15 Pro, Japanese Sports Car;Trademark
22300284-F02Rou001q00076;MOBILIUS Black Smoky Matte Case for iPhone 15 Pro Max, Man in Hat;Copyright
22300284-F02Rou001q00105;MOBILIUS Black Smoky Matte Case for iPhone 15 Pro Max, Japanese Sports Car;Trademark
22300284-F02Rou001q00161;MOBILIUS Black Smoky Matte Case for iPhone 15 Pro Max, Thermal Mountain;Trademark
22300284-F02Rou001q00162;MOBILIUS Black Smoky Matte Case for iPhone 15 Pro Max, Western Travel Badge;Trademark
22300284-F05Rou001q00031;MOBILIUS Clear Matte Case for iPhone 15 Pro Max, Pink Retro Fruit Collage;Trademark / © character
22300284-F05Rou001q00032;MOBILIUS Clear Matte Case for iPhone 15 Pro Max, Green Retro Collage;Trademark / © character
22300284-F05Rou001q00041;MOBILIUS Clear Matte Case for iPhone 15 Pro Max, Pink Kittens Collage;Trademark
22300284-F05Rou001q00076;MOBILIUS Clear Matte Case for iPhone 15 Pro Max, Man in Hat;Copyright
22300284-F06Rou001q00041;MOBILIUS Gray Frosted Matte Case for iPhone 15 Pro Max, Pink Kittens;Trademark
22300284-F06Rou001q00046;MOBILIUS Gray Frosted Matte Case for iPhone 15 Pro Max, Retro Tech Tower;Trademark
22300284-F06Rou001q00076;MOBILIUS Gray Frosted Matte Case for iPhone 15 Pro Max, Man in Hat;Copyright
22300284-F06Rou001q00105;MOBILIUS Gray Frosted Matte Case for iPhone 15 Pro Max, Japanese Sports Car;Trademark
22300375-F02Rou001q00076;MOBILIUS Black Smoky Matte Case for iPhone 16, Man in Hat;Copyright
22300375-F02Rou001q00105;MOBILIUS Black Smoky Matte Case for iPhone 16, Japanese Sports Car;Trademark
22300375-F02Rou001q00161;MOBILIUS Black Smoky Matte Case for iPhone 16, Thermal Mountain Landscape;Trademark
22300375-F02Rou001q00162;MOBILIUS Black Smoky Matte Case for iPhone 16, Western Travel Badge Collage;Trademark
22300375-F05Rou001q00031;MOBILIUS Clear Matte Case for iPhone 16, Pink Retro Fruit Collage;Trademark / © character
22300375-F05Rou001q00032;MOBILIUS Clear Matte Case for iPhone 16, Green Retro Collage;Trademark / © character
22300375-F05Rou001q00041;MOBILIUS Clear Matte Case for iPhone 16, Pink Kittens Collage;Trademark
22300375-F05Rou001q00076;MOBILIUS Clear Matte Case for iPhone 16, Man in Hat with Green Fruit Art;Copyright
22300375-F06Rou001q00041;MOBILIUS Gray Frosted Matte Case for iPhone 16, Pink Kittens Collage;Trademark
22300375-F06Rou001q00046;MOBILIUS Gray Frosted Matte Case for iPhone 16, Retro Tech Tower with Cat;Trademark
22300375-F06Rou001q00076;MOBILIUS Gray Frosted Matte Case for iPhone 16, Man in Hat;Copyright
22300375-F06Rou001q00105;MOBILIUS Gray Frosted Matte Case for iPhone 16, Japanese Sports Car;Trademark
22300376-F02Rou001q00076;MOBILIUS Black Smoky Matte Case for iPhone 16 Plus, Man in Hat;Copyright
22300376-F02Rou001q00105;MOBILIUS Black Smoky Matte Case for iPhone 16 Plus, Japanese Sports Car;Trademark
22300376-F02Rou001q00161;MOBILIUS Black Smoky Matte Case for iPhone 16 Plus, Thermal Mountain;Trademark
22300376-F02Rou001q00162;MOBILIUS Black Smoky Matte Case for iPhone 16 Plus, Western Travel Badge;Trademark
22300376-F05Rou001q00031;MOBILIUS Clear Matte Case for iPhone 16 Plus, Pink Retro Fruit Collage;Trademark / © character
22300376-F05Rou001q00032;MOBILIUS Clear Matte Case for iPhone 16 Plus, Green Retro Collage;Trademark / © character
22300376-F05Rou001q00041;MOBILIUS Clear Matte Case for iPhone 16 Plus, Pink Kittens Collage;Trademark
22300376-F05Rou001q00076;MOBILIUS Clear Matte Case for iPhone 16 Plus, Man in Hat;Copyright
22300376-F06Rou001q00041;MOBILIUS Gray Frosted Matte Case for iPhone 16 Plus, Pink Kittens Collage;Trademark
22300376-F06Rou001q00046;MOBILIUS Gray Frosted Matte Case for iPhone 16 Plus, Retro Tech Tower;Trademark
22300376-F06Rou001q00076;MOBILIUS Gray Frosted Matte Case for iPhone 16 Plus, Man in Hat;Copyright
22300376-F06Rou001q00105;MOBILIUS Gray Frosted Matte Case for iPhone 16 Plus, Japanese Sports Car;Trademark
22300377-F02Rou001q00076;MOBILIUS Black Smoky Matte Case for iPhone 16 Pro, Man in Hat;Copyright
22300377-F02Rou001q00105;MOBILIUS Black Smoky Matte Case for iPhone 16 Pro, Japanese Sports Car;Trademark
22300377-F02Rou001q00161;MOBILIUS Black Smoky Matte Case for iPhone 16 Pro, Thermal Mountain;Trademark
22300377-F02Rou001q00162;MOBILIUS Black Smoky Matte Case for iPhone 16 Pro, Western Travel Badge;Trademark
22300377-F05Rou001q00031;MOBILIUS Clear Matte Case for iPhone 16 Pro, Pink Retro Fruit Collage;Trademark / © character
22300377-F05Rou001q00032;MOBILIUS Clear Matte Case for iPhone 16 Pro, Green Retro Collage;Trademark / © character
22300377-F05Rou001q00041;MOBILIUS Clear Matte Case for iPhone 16 Pro, Pink Kittens Collage;Trademark
22300377-F05Rou001q00076;MOBILIUS Clear Matte Case for iPhone 16 Pro, Man in Hat;Copyright
22300377-F06Rou001q00041;MOBILIUS Gray Frosted Matte Case for iPhone 16 Pro, Pink Kittens Collage;Trademark
22300377-F06Rou001q00046;MOBILIUS Gray Frosted Matte Case for iPhone 16 Pro, Retro Tech Tower;Trademark
22300377-F06Rou001q00076;MOBILIUS Gray Frosted Matte Case for iPhone 16 Pro, Man in Hat;Copyright
22300377-F06Rou001q00105;MOBILIUS Gray Frosted Matte Case for iPhone 16 Pro, Japanese Sports Car;Trademark
22300378-F02Rou001q00076;MOBILIUS Black Smoky Matte Case for iPhone 16 Pro Max, Man in Hat;Copyright
22300378-F02Rou001q00105;MOBILIUS Black Smoky Matte Case for iPhone 16 Pro Max, Japanese Sports Car;Trademark
22300378-F02Rou001q00161;MOBILIUS Black Smoky Matte Case for iPhone 16 Pro Max, Thermal Mountain;Trademark
22300378-F02Rou001q00162;MOBILIUS Black Smoky Matte Case for iPhone 16 Pro Max, Western Travel Badge;Trademark
22300378-F05Rou001q00031;MOBILIUS Clear Matte Case for iPhone 16 Pro Max, Pink Retro Fruit Collage;Trademark / © character
22300378-F05Rou001q00032;MOBILIUS Clear Matte Case for iPhone 16 Pro Max, Green Retro Collage;Trademark / © character
22300378-F05Rou001q00041;MOBILIUS Clear Matte Case for iPhone 16 Pro Max, Pink Kittens Collage;Trademark
22300378-F05Rou001q00076;MOBILIUS Clear Matte Case for iPhone 16 Pro Max, Man in Hat;Copyright
22300378-F06Rou001q00041;MOBILIUS Gray Frosted Matte Case for iPhone 16 Pro Max, Pink Kittens;Trademark
22300378-F06Rou001q00046;MOBILIUS Gray Frosted Matte Case for iPhone 16 Pro Max, Retro Tech Tower;Trademark
22300378-F06Rou001q00076;MOBILIUS Gray Frosted Matte Case for iPhone 16 Pro Max, Man in Hat;Copyright
22300378-F06Rou001q00105;MOBILIUS Gray Frosted Matte Case for iPhone 16 Pro Max, Japanese Sports Car;Trademark
22300415U-F02Rou001q00076;MOBILIUS Black Smoky Matte Case for iPhone 16e/17e, Man in Hat;Copyright
22300415U-F02Rou001q00105;MOBILIUS Black Smoky Matte Case for iPhone 16e/17e, Japanese Sports Car;Trademark
22300415U-F02Rou001q00161;MOBILIUS Black Smoky Matte Case for iPhone 16e/17e, Thermal Mountain;Trademark
22300415U-F02Rou001q00162;MOBILIUS Black Smoky Matte Case for iPhone 16e/17e, Western Travel Badge;Trademark
22300415U-F05Rou001q00031;MOBILIUS Clear Matte Case for iPhone 16e/17e, Pink Retro Fruit Collage;Trademark / © character
22300415U-F05Rou001q00032;MOBILIUS Clear Matte Case for iPhone 16e/17e, Green Retro Collage;Trademark / © character
22300415U-F05Rou001q00041;MOBILIUS Clear Matte Case for iPhone 16e/17e, Pink Kittens Collage;Trademark
22300415U-F05Rou001q00076;MOBILIUS Clear Matte Case for iPhone 16e/17e, Man in Hat;Copyright
22300415U-F06Rou001q00041;MOBILIUS Gray Frosted Matte Case for iPhone 16e/17e, Pink Kittens Collage;Trademark
22300415U-F06Rou001q00046;MOBILIUS Gray Frosted Matte Case for iPhone 16e/17e, Retro Tech Tower;Trademark
22300415U-F06Rou001q00076;MOBILIUS Gray Frosted Matte Case for iPhone 16e/17e, Man in Hat;Copyright
22300415U-F06Rou001q00105;MOBILIUS Gray Frosted Matte Case for iPhone 16e/17e, Japanese Sports Car;Trademark
22300445-F02Rou001q00076;MOBILIUS Black Smoky Matte Case for iPhone 17, Man in Hat;Copyright
22300445-F02Rou001q00105;MOBILIUS Black Smoky Matte Case for iPhone 17, Japanese Sports Car;Trademark
22300445-F02Rou001q00161;MOBILIUS Black Smoky Matte Case for iPhone 17, Thermal Mountain Landscape;Trademark
22300445-F02Rou001q00162;MOBILIUS Black Smoky Matte Case for iPhone 17, Western Travel Badge Collage;Trademark
22300445-F05Rou001q00031;MOBILIUS Clear Matte Case for iPhone 17, Pink Retro Fruit Collage;Trademark / © character
22300445-F05Rou001q00032;MOBILIUS Clear Matte Case for iPhone 17, Green Retro Collage;Trademark / © character
22300445-F05Rou001q00041;MOBILIUS Clear Matte Case for iPhone 17, Pink Kittens Collage;Trademark
22300445-F05Rou001q00076;MOBILIUS Clear Matte Case for iPhone 17, Man in Hat with Green Fruit Art;Copyright
22300445-F06Rou001q00041;MOBILIUS Gray Frosted Matte Case for iPhone 17, Pink Kittens Collage;Trademark
22300445-F06Rou001q00046;MOBILIUS Gray Frosted Matte Case for iPhone 17, Retro Tech Tower with Cat;Trademark
22300445-F06Rou001q00076;MOBILIUS Gray Frosted Matte Case for iPhone 17, Man in Hat;Copyright
22300445-F06Rou001q00105;MOBILIUS Gray Frosted Matte Case for iPhone 17, Japanese Sports Car;Trademark
22300447U-F05Rou001q00031;MOBILIUS Clear Matte Case for iPhone 18/17 Pro, Pink Retro Fruit Collage;Trademark / © character
22300447U-F05Rou001q00032;MOBILIUS Clear Matte Case for iPhone 18/17 Pro, Green Retro Collage;Trademark / © character
22300447U-F05Rou001q00041;MOBILIUS Clear Matte Case for iPhone 18/17 Pro, Pink Kittens Collage;Trademark
22300447U-F05Rou001q00076;MOBILIUS Clear Matte Case for iPhone 18/17 Pro, Man in Hat;Copyright
22300447U-F06Rou001q00041;MOBILIUS Gray Frosted Matte Case for iPhone 18/17 Pro, Pink Kittens Collage;Trademark
22300447U-F06Rou001q00046;MOBILIUS Gray Frosted Matte Case for iPhone 18/17 Pro, Retro Tech Tower;Trademark
22300447U-F06Rou001q00076;MOBILIUS Gray Frosted Matte Case for iPhone 18/17 Pro, Man in Hat;Copyright
22300447U-F06Rou001q00105;MOBILIUS Gray Frosted Matte Case for iPhone 18/17 Pro, Japanese Sports Car;Trademark
22300447U-F16Rou001q00031;MOBILIUS Orange Case for iPhone 18/17 Pro, Pink Retro Fruit Collage;Trademark / © character
22300447U-F16Rou001q00032;MOBILIUS Orange Case for iPhone 18/17 Pro, Green Retro Collage;Trademark / © character
22300447U-F16Rou001q00041;MOBILIUS Orange Case for iPhone 18/17 Pro, Pink Kittens Collage;Trademark
22300447U-F16Rou001q00076;MOBILIUS Orange Case for iPhone 18/17 Pro, Man in Hat with Green Fruit Art;Copyright
22300448U-F05Rou001q00031;MOBILIUS Clear Matte Case for iPhone 18/17 Pro Max, Pink Retro Fruit;Trademark / © character
22300448U-F05Rou001q00032;MOBILIUS Clear Matte Case for iPhone 18/17 Pro Max, Green Retro Collage;Trademark / © character
22300448U-F05Rou001q00041;MOBILIUS Clear Matte Case for iPhone 18/17 Pro Max, Pink Kittens Collage;Trademark
22300448U-F05Rou001q00076;MOBILIUS Clear Matte Case for iPhone 18/17 Pro Max, Man in Hat;Copyright
22300448U-F06Rou001q00041;MOBILIUS Gray Frosted Matte Case for iPhone 18/17 Pro Max, Pink Kittens;Trademark
22300448U-F06Rou001q00046;MOBILIUS Gray Frosted Matte Case for iPhone 18/17 Pro Max, Retro Tech Tower;Trademark
22300448U-F06Rou001q00076;MOBILIUS Gray Frosted Matte Case for iPhone 18/17 Pro Max, Man in Hat;Copyright
22300448U-F06Rou001q00105;MOBILIUS Gray Frosted Matte Case for iPhone 18/17 Pro Max, Japanese Sports;Trademark
22300448U-F16Rou001q00031;MOBILIUS Orange Case for iPhone 18/17 Pro Max, Pink Retro Fruit Collage;Trademark / © character
22300448U-F16Rou001q00032;MOBILIUS Orange Case for iPhone 18/17 Pro Max, Green Retro Collage;Trademark / © character
22300448U-F16Rou001q00041;MOBILIUS Orange Case for iPhone 18/17 Pro Max, Pink Kittens Collage;Trademark
22300448U-F16Rou001q00076;MOBILIUS Orange Case for iPhone 18/17 Pro Max, Man in Hat;Copyright
